{
  "variants": {
    "facing=down,enabled=true": {
      "model": "littlelogistics:block/hopper/down"
    },
    "facing=east,enabled=true": {
      "model": "littlelogistics:block/hopper/side",
      "y": 90
    },
    "facing=north,enabled=true": {
      "model": "littlelogistics:block/hopper/side"
    },
    "facing=south,enabled=true": {
      "model": "littlelogistics:block/hopper/side",
      "y": 180
    },
    "facing=west,enabled=true": {
      "model": "littlelogistics:block/hopper/side",
      "y": 270
    },
    "facing=down,enabled=false": {
      "model": "littlelogistics:block/hopper/down_powered"
    },
    "facing=east,enabled=false": {
      "model": "littlelogistics:block/hopper/side_powered",
      "y": 90
    },
    "facing=north,enabled=false": {
      "model": "littlelogistics:block/hopper/side_powered"
    },
    "facing=south,enabled=false": {
      "model": "littlelogistics:block/hopper/side_powered",
      "y": 180
    },
    "facing=west,enabled=false": {
      "model": "littlelogistics:block/hopper/side_powered",
      "y": 270
    }
  }
}