{
	"credit": "Made with Blockbench",
	"texture_size": [64, 64],
	"textures": {
		"3": "exposure:item/camera"
	},
	"elements": [
		{
			"from": [4.5, 0, 11],
			"to": [5, 7.5, 13],
			"rotation": {"angle": 0, "axis": "y", "origin": [6, 0, 6]},
			"faces": {
				"north": {"uv": [3.75, 6.5, 4, 8.5], "texture": "#3"},
				"east": {"uv": [0, 6.5, 0.5, 8.5], "texture": "#3"},
				"south": {"uv": [4, 6.5, 4.25, 8.5], "texture": "#3"},
				"west": {"uv": [0.5, 6.5, 1, 8.5], "texture": "#3"},
				"up": {"uv": [8.75, 1.5, 8.5, 1], "texture": "#3"},
				"down": {"uv": [8.75, 1.5, 8.5, 2], "texture": "#3"}
			}
		},
		{
			"from": [4.5, 7.5, 11],
			"to": [11.5, 8, 13],
			"rotation": {"angle": 0, "axis": "y", "origin": [7, 8, 6]},
			"faces": {
				"north": {"uv": [4.25, 6.5, 6, 6.75], "texture": "#3"},
				"east": {"uv": [8.5, 0.5, 9, 0.75], "texture": "#3"},
				"south": {"uv": [6.5, 5.25, 8.25, 5.5], "texture": "#3"},
				"west": {"uv": [8.5, 2.25, 9, 2.5], "texture": "#3"},
				"up": {"uv": [7.5, 1.5, 5.75, 1], "texture": "#3"},
				"down": {"uv": [7.5, 1.5, 5.75, 2], "texture": "#3"}
			}
		},
		{
			"from": [11, 0, 11],
			"to": [11.5, 7.5, 13],
			"rotation": {"angle": 0, "axis": "y", "origin": [13, 0, 6]},
			"faces": {
				"north": {"uv": [6.5, 3.25, 6.75, 5.25], "texture": "#3"},
				"east": {"uv": [1.25, 6.25, 1.75, 8.25], "texture": "#3"},
				"south": {"uv": [3.5, 6.5, 3.75, 8.5], "texture": "#3"},
				"west": {"uv": [1.75, 6.25, 2.25, 8.25], "texture": "#3"},
				"up": {"uv": [1, 9, 0.75, 8.5], "texture": "#3"},
				"down": {"uv": [1.25, 8.5, 1, 9], "texture": "#3"}
			}
		},
		{
			"from": [5, 0, 12],
			"to": [11, 7.5, 13],
			"rotation": {"angle": 0, "axis": "y", "origin": [7, 0, 6]},
			"faces": {
				"north": {"uv": [0, 0, 1.5, 2], "texture": "#3"},
				"east": {"uv": [2.25, 6.25, 2.5, 8.25], "texture": "#3"},
				"south": {"uv": [1.5, 0, 3, 2], "texture": "#3"},
				"west": {"uv": [1, 6.5, 1.25, 8.5], "texture": "#3"},
				"up": {"uv": [8.25, 0.75, 6.75, 0.5], "texture": "#3"},
				"down": {"uv": [8.25, 0.75, 6.75, 1], "texture": "#3"}
			}
		},
		{
			"from": [5, 0, 4],
			"to": [11, 1, 12],
			"rotation": {"angle": 0, "axis": "y", "origin": [7, 0, 4]},
			"faces": {
				"north": {"uv": [6.75, 3.25, 8.25, 3.5], "texture": "#3"},
				"east": {"uv": [6.5, 2.75, 8.5, 3], "texture": "#3"},
				"south": {"uv": [6.75, 3.5, 8.25, 3.75], "texture": "#3"},
				"west": {"uv": [6.5, 3, 8.5, 3.25], "texture": "#3"},
				"up": {"uv": [1.5, 4, 0, 2], "texture": "#3"},
				"down": {"uv": [3, 2, 1.5, 4], "texture": "#3"}
			}
		},
		{
			"from": [10, 0, 3],
			"to": [11, 1, 4],
			"rotation": {"angle": 0, "axis": "y", "origin": [7, -1, 4]},
			"faces": {
				"north": {"uv": [6.25, 2, 6.5, 2.25], "texture": "#3"},
				"east": {"uv": [2.5, 8.5, 2.75, 8.75], "texture": "#3"},
				"south": {"uv": [8.5, 2.5, 8.75, 2.75], "texture": "#3"},
				"west": {"uv": [2.75, 8.5, 3, 8.75], "texture": "#3"},
				"up": {"uv": [8.75, 3, 8.5, 2.75], "texture": "#3"},
				"down": {"uv": [3.25, 8.5, 3, 8.75], "texture": "#3"}
			}
		},
		{
			"from": [5, 0, 3],
			"to": [6, 1, 4],
			"rotation": {"angle": 0, "axis": "y", "origin": [2, -1, 4]},
			"faces": {
				"north": {"uv": [8.5, 3, 8.75, 3.25], "texture": "#3"},
				"east": {"uv": [3.25, 8.5, 3.5, 8.75], "texture": "#3"},
				"south": {"uv": [3.5, 8.5, 3.75, 8.75], "texture": "#3"},
				"west": {"uv": [3.75, 8.5, 4, 8.75], "texture": "#3"},
				"up": {"uv": [8.75, 4, 8.5, 3.75], "texture": "#3"},
				"down": {"uv": [4.25, 8.5, 4, 8.75], "texture": "#3"}
			}
		},
		{
			"from": [5, 1, 3],
			"to": [11, 7, 4],
			"rotation": {"angle": 0, "axis": "y", "origin": [7, 0, 4]},
			"faces": {
				"north": {"uv": [3, 0, 4.5, 1.5], "texture": "#3"},
				"east": {"uv": [6.5, 5.5, 6.75, 7], "texture": "#3"},
				"south": {"uv": [3, 1.5, 4.5, 3], "texture": "#3"},
				"west": {"uv": [6, 6.5, 6.25, 8], "texture": "#3"},
				"up": {"uv": [8.25, 0.25, 6.75, 0], "texture": "#3"},
				"down": {"uv": [8.25, 0.25, 6.75, 0.5], "texture": "#3"}
			}
		},
		{
			"from": [7, 5, 1],
			"to": [9, 5.5, 2.5],
			"rotation": {"angle": 0, "axis": "y", "origin": [7, 1.5, -5.5]},
			"faces": {
				"north": {"uv": [3.75, 5.25, 4.25, 5.5], "texture": "#3"},
				"east": {"uv": [5.75, 2, 6.25, 2.25], "texture": "#3"},
				"south": {"uv": [8.25, 0.75, 8.75, 1], "texture": "#3"},
				"west": {"uv": [8.25, 2, 8.75, 2.25], "texture": "#3"},
				"up": {"uv": [3, 4.5, 2.5, 4], "texture": "#3"},
				"down": {"uv": [8, 5.5, 7.5, 6], "texture": "#3"}
			}
		},
		{
			"from": [9, 2.5, 1],
			"to": [9.5, 5.5, 2.5],
			"rotation": {"angle": 0, "axis": "y", "origin": [9, 1.5, -5.5]},
			"faces": {
				"north": {"uv": [6.25, 8, 6.5, 8.75], "texture": "#3"},
				"east": {"uv": [3.75, 4.5, 4.25, 5.25], "texture": "#3"},
				"south": {"uv": [6.75, 8, 7, 8.75], "texture": "#3"},
				"west": {"uv": [2.5, 6.75, 3, 7.5], "texture": "#3"},
				"up": {"uv": [0.25, 9, 0, 8.5], "texture": "#3"},
				"down": {"uv": [8.75, 0, 8.5, 0.5], "texture": "#3"}
			}
		},
		{
			"from": [7, 2.5, 1],
			"to": [9, 3, 2.5],
			"rotation": {"angle": 0, "axis": "y", "origin": [7, -1, -5.5]},
			"faces": {
				"north": {"uv": [8.25, 3.25, 8.75, 3.5], "texture": "#3"},
				"east": {"uv": [8.25, 3.5, 8.75, 3.75], "texture": "#3"},
				"south": {"uv": [8.25, 5.25, 8.75, 5.5], "texture": "#3"},
				"west": {"uv": [8, 8.25, 8.5, 8.5], "texture": "#3"},
				"up": {"uv": [8, 6.5, 7.5, 6], "texture": "#3"},
				"down": {"uv": [7.25, 7.5, 6.75, 8], "texture": "#3"}
			}
		},
		{
			"from": [6.5, 2.5, 1],
			"to": [7, 5.5, 2.5],
			"rotation": {"angle": 0, "axis": "y", "origin": [6.5, 1.5, -5.5]},
			"faces": {
				"north": {"uv": [7, 8, 7.25, 8.75], "texture": "#3"},
				"east": {"uv": [3, 6.75, 3.5, 7.5], "texture": "#3"},
				"south": {"uv": [8.25, 0, 8.5, 0.75], "texture": "#3"},
				"west": {"uv": [6.75, 3.75, 7.25, 4.5], "texture": "#3"},
				"up": {"uv": [0.5, 9, 0.25, 8.5], "texture": "#3"},
				"down": {"uv": [0.75, 8.5, 0.5, 9], "texture": "#3"}
			}
		},
		{
			"from": [6, 2, 2.5],
			"to": [10, 6, 3],
			"rotation": {"angle": 0, "axis": "y", "origin": [7, 0.5, -5]},
			"faces": {
				"north": {"uv": [3.5, 5.5, 4.5, 6.5], "texture": "#3"},
				"east": {"uv": [2.75, 7.5, 3, 8.5], "texture": "#3"},
				"south": {"uv": [5.5, 3.5, 6.5, 4.5], "texture": "#3"},
				"west": {"uv": [3, 7.5, 3.25, 8.5], "texture": "#3"},
				"up": {"uv": [8.5, 2.5, 7.5, 2.25], "texture": "#3"},
				"down": {"uv": [8.5, 2.5, 7.5, 2.75], "texture": "#3"}
			}
		},
		{
			"from": [5.5, 1, 13],
			"to": [10.5, 7, 14],
			"rotation": {"angle": 0, "axis": "y", "origin": [7, 0, 7]},
			"faces": {
				"north": {"uv": [3, 3, 4.25, 4.5], "texture": "#3"},
				"east": {"uv": [6.25, 6.5, 6.5, 8], "texture": "#3"},
				"south": {"uv": [0, 4, 1.25, 5.5], "texture": "#3"},
				"west": {"uv": [4.25, 6.75, 4.5, 8.25], "texture": "#3"},
				"up": {"uv": [8.5, 4.25, 7.25, 4], "texture": "#3"},
				"down": {"uv": [8.5, 4.25, 7.25, 4.5], "texture": "#3"}
			}
		},
		{
			"from": [6, 5.5, 14],
			"to": [10, 6, 15],
			"rotation": {"angle": 0, "axis": "y", "origin": [7, 4, 8]},
			"faces": {
				"north": {"uv": [8, 7, 9, 7.25], "texture": "#3"},
				"east": {"uv": [5.5, 8.5, 5.75, 8.75], "texture": "#3"},
				"south": {"uv": [8, 7.5, 9, 7.75], "texture": "#3"},
				"west": {"uv": [8.5, 6.5, 8.75, 6.75], "texture": "#3"},
				"up": {"uv": [9, 8, 8, 7.75], "texture": "#3"},
				"down": {"uv": [9, 8, 8, 8.25], "texture": "#3"}
			}
		},
		{
			"from": [6, 2.5, 14],
			"to": [6.5, 5.5, 15],
			"rotation": {"angle": 0, "axis": "y", "origin": [7, -0.5, 8]},
			"faces": {
				"north": {"uv": [1.25, 8.25, 1.5, 9], "texture": "#3"},
				"east": {"uv": [8.25, 1.25, 8.5, 2], "texture": "#3"},
				"south": {"uv": [1.5, 8.25, 1.75, 9], "texture": "#3"},
				"west": {"uv": [1.75, 8.25, 2, 9], "texture": "#3"},
				"up": {"uv": [8.75, 4.25, 8.5, 4], "texture": "#3"},
				"down": {"uv": [8.75, 4.25, 8.5, 4.5], "texture": "#3"}
			}
		},
		{
			"from": [9.5, 2.5, 14],
			"to": [10, 5.5, 15],
			"rotation": {"angle": 0, "axis": "y", "origin": [10.5, -0.5, 8]},
			"faces": {
				"north": {"uv": [2, 8.25, 2.25, 9], "texture": "#3"},
				"east": {"uv": [2.25, 8.25, 2.5, 9], "texture": "#3"},
				"south": {"uv": [4.25, 8.25, 4.5, 9], "texture": "#3"},
				"west": {"uv": [6.5, 8.25, 6.75, 9], "texture": "#3"},
				"up": {"uv": [4.75, 8.75, 4.5, 8.5], "texture": "#3"},
				"down": {"uv": [5, 8.5, 4.75, 8.75], "texture": "#3"}
			}
		},
		{
			"from": [6, 2, 14],
			"to": [10, 2.5, 15],
			"rotation": {"angle": 0, "axis": "y", "origin": [7, 0.5, 8]},
			"faces": {
				"north": {"uv": [8, 5.75, 9, 6], "texture": "#3"},
				"east": {"uv": [5, 8.5, 5.25, 8.75], "texture": "#3"},
				"south": {"uv": [8, 6, 9, 6.25], "texture": "#3"},
				"west": {"uv": [5.25, 8.5, 5.5, 8.75], "texture": "#3"},
				"up": {"uv": [9, 6.5, 8, 6.25], "texture": "#3"},
				"down": {"uv": [9, 6.75, 8, 7], "texture": "#3"}
			}
		},
		{
			"from": [10.9, 4.5, 9],
			"to": [10.9, 9.5, 10],
			"rotation": {"angle": 45, "axis": "x", "origin": [7.9, 4.5, 4]},
			"faces": {
				"north": {"uv": [0, 0, 0, 1.25], "texture": "#3"},
				"east": {"uv": [5.5, 7.25, 5.75, 8.5], "texture": "#3"},
				"south": {"uv": [0, 0, 0, 1.25], "texture": "#3"},
				"west": {"uv": [7.25, 5.5, 7.5, 6.75], "texture": "#3"},
				"up": {"uv": [0, 0.25, 0, 0], "texture": "#3"},
				"down": {"uv": [0, 0, 0, 0.25], "texture": "#3"}
			}
		},
		{
			"from": [5.1, 4.5, 9],
			"to": [5.1, 9.5, 10],
			"rotation": {"angle": 45, "axis": "x", "origin": [2.1, 4.5, 4]},
			"faces": {
				"north": {"uv": [0, 0, 0, 1.25], "texture": "#3"},
				"east": {"uv": [5, 7.25, 5.25, 8.5], "texture": "#3"},
				"south": {"uv": [0, 0, 0, 1.25], "texture": "#3"},
				"west": {"uv": [5.25, 7.25, 5.5, 8.5], "texture": "#3"},
				"up": {"uv": [0, 0.25, 0, 0], "texture": "#3"},
				"down": {"uv": [0, 0, 0, 0.25], "texture": "#3"}
			}
		},
		{
			"from": [5.5, 2, 4],
			"to": [10.5, 6, 5],
			"rotation": {"angle": 0, "axis": "y", "origin": [7, 0.5, 4]},
			"faces": {
				"north": {"uv": [4.5, 1.25, 5.75, 2.25], "texture": "#3"},
				"east": {"uv": [7.5, 1.25, 7.75, 2.25], "texture": "#3"},
				"south": {"uv": [2.5, 4.5, 3.75, 5.5], "texture": "#3"},
				"west": {"uv": [2.5, 7.5, 2.75, 8.5], "texture": "#3"},
				"up": {"uv": [5.75, 7, 4.5, 6.75], "texture": "#3"},
				"down": {"uv": [8, 4.5, 6.75, 4.75], "texture": "#3"}
			}
		},
		{
			"from": [5.8, 2.3, 5],
			"to": [10.2, 5.7, 6],
			"rotation": {"angle": 0, "axis": "y", "origin": [7, 0.5, 5]},
			"faces": {
				"north": {"uv": [4.5, 2.25, 5.5, 3], "texture": "#3"},
				"east": {"uv": [5.75, 8, 6, 8.75], "texture": "#3"},
				"south": {"uv": [6.5, 2, 7.5, 2.75], "texture": "#3"},
				"west": {"uv": [6, 8, 6.25, 8.75], "texture": "#3"},
				"up": {"uv": [7.75, 7.5, 6.75, 7.25], "texture": "#3"},
				"down": {"uv": [8.5, 1, 7.5, 1.25], "texture": "#3"}
			}
		},
		{
			"from": [5.5, 2, 6],
			"to": [10.5, 6.5, 7],
			"rotation": {"angle": 0, "axis": "y", "origin": [7, 0.5, 6]},
			"faces": {
				"north": {"uv": [1.25, 5.25, 2.5, 6.25], "texture": "#3"},
				"east": {"uv": [3.25, 7.5, 3.5, 8.5], "texture": "#3"},
				"south": {"uv": [0, 5.5, 1.25, 6.5], "texture": "#3"},
				"west": {"uv": [7.25, 7.5, 7.5, 8.5], "texture": "#3"},
				"up": {"uv": [8, 5, 6.75, 4.75], "texture": "#3"},
				"down": {"uv": [8, 5, 6.75, 5.25], "texture": "#3"}
			}
		},
		{
			"from": [5.8, 2.3, 7],
			"to": [10.2, 6.2, 8],
			"rotation": {"angle": 0, "axis": "y", "origin": [7, 0.5, 7]},
			"faces": {
				"north": {"uv": [4.5, 5.5, 5.5, 6.5], "texture": "#3"},
				"east": {"uv": [7.5, 7.5, 7.75, 8.5], "texture": "#3"},
				"south": {"uv": [5.5, 4.5, 6.5, 5.5], "texture": "#3"},
				"west": {"uv": [7.75, 1.25, 8, 2.25], "texture": "#3"},
				"up": {"uv": [8.5, 6.75, 7.5, 6.5], "texture": "#3"},
				"down": {"uv": [8.75, 7.25, 7.75, 7.5], "texture": "#3"}
			}
		},
		{
			"from": [5.5, 2, 8],
			"to": [10.5, 7, 9],
			"rotation": {"angle": 0, "axis": "y", "origin": [7, 0.5, 8]},
			"faces": {
				"north": {"uv": [1.25, 4, 2.5, 5.25], "texture": "#3"},
				"east": {"uv": [6.75, 5.5, 7, 6.75], "texture": "#3"},
				"south": {"uv": [4.25, 3, 5.5, 4.25], "texture": "#3"},
				"west": {"uv": [5.75, 6.75, 6, 8], "texture": "#3"},
				"up": {"uv": [8, 7, 6.75, 6.75], "texture": "#3"},
				"down": {"uv": [5.75, 7, 4.5, 7.25], "texture": "#3"}
			}
		},
		{
			"from": [5.8, 2.3, 9],
			"to": [10.2, 6.7, 10],
			"rotation": {"angle": 0, "axis": "y", "origin": [7, 0.5, 9]},
			"faces": {
				"north": {"uv": [5.5, 5.5, 6.5, 6.5], "texture": "#3"},
				"east": {"uv": [7.75, 7.5, 8, 8.5], "texture": "#3"},
				"south": {"uv": [5.75, 0, 6.75, 1], "texture": "#3"},
				"west": {"uv": [8, 1.25, 8.25, 2.25], "texture": "#3"},
				"up": {"uv": [9, 4.75, 8, 4.5], "texture": "#3"},
				"down": {"uv": [9, 4.75, 8, 5], "texture": "#3"}
			}
		},
		{
			"from": [5.5, 2, 10],
			"to": [10.5, 7.5, 11],
			"rotation": {"angle": 0, "axis": "y", "origin": [7, 0.5, 10]},
			"faces": {
				"north": {"uv": [4.25, 4.25, 5.5, 5.5], "texture": "#3"},
				"east": {"uv": [7, 5.5, 7.25, 6.75], "texture": "#3"},
				"south": {"uv": [4.5, 0, 5.75, 1.25], "texture": "#3"},
				"west": {"uv": [6.5, 7, 6.75, 8.25], "texture": "#3"},
				"up": {"uv": [8, 7.25, 6.75, 7], "texture": "#3"},
				"down": {"uv": [8.5, 3.75, 7.25, 4], "texture": "#3"}
			}
		},
		{
			"from": [5.8, 2.3, 11],
			"to": [10.2, 7.2, 12],
			"rotation": {"angle": 0, "axis": "y", "origin": [7, 0.5, 11]},
			"faces": {
				"north": {"uv": [5.5, 2.25, 6.5, 3.5], "texture": "#3"},
				"east": {"uv": [4.5, 7.25, 4.75, 8.5], "texture": "#3"},
				"south": {"uv": [2.5, 5.5, 3.5, 6.75], "texture": "#3"},
				"west": {"uv": [4.75, 7.25, 5, 8.5], "texture": "#3"},
				"up": {"uv": [9, 5.25, 8, 5], "texture": "#3"},
				"down": {"uv": [9, 5.5, 8, 5.75], "texture": "#3"}
			}
		}
	],
	"display": {
		"thirdperson_righthand": {
			"rotation": [45, 0, 0],
			"translation": [1, 1.5, 2],
			"scale": [0.8, 0.8, 0.8]
		},
		"thirdperson_lefthand": {
			"rotation": [45, 0, 0],
			"translation": [1, 1.5, 2],
			"scale": [0.8, 0.8, 0.8]
		},
		"firstperson_righthand": {
			"translation": [0, 5.75, -1.25],
			"scale": [0.75, 0.75, 0.75]
		},
		"firstperson_lefthand": {
			"translation": [0, 5.75, -1.25],
			"scale": [0.75, 0.75, 0.75]
		},
		"ground": {
			"scale": [0.8, 0.8, 0.8]
		},
		"head": {
			"translation": [0, 10.25, 0],
			"scale": [2, 2, 2]
		}
	},
	"groups": [
		{
			"name": "plank",
			"origin": [7, 0, 4],
			"color": 0,
			"children": [0, 1, 2, 3, 4, 5, 6, 7]
		},
		{
			"name": "brass",
			"origin": [7, 0.5, 8],
			"color": 0,
			"children": [8, 9, 10, 11, 12, 13, 14, 15, 16, 17, 18, 19]
		},
		{
			"name": "filter",
			"origin": [7, 0.5, 11],
			"color": 0,
			"children": [20, 21, 22, 23, 24, 25, 26, 27]
		}
	],
	"overrides": [
		{
		  "predicate": {
			"camera_state": 0.1
		  },
		  "model": "exposure:item/camera_active"
		},
		{
		  "predicate": {
			"camera_state": 0.2
		  },
		  "model": "exposure:item/camera_selfie"
		},
		{
		  "predicate": {
			"camera_state": 0.3
		  },
		  "model": "exposure:item/camera_selfie_outside"
		}
	  ]
}